[
  {
    "model": "wallet.wallettransaction",
    "pk": 1,
    "fields": {
      "amount_currency": "PHP",
      "amount": "750.00",
      "date": "2020-05-10",
      "is_expense": true,
      "note": "Dine-out With Friends",
      "created": "2020-05-09T07:37:31.398Z",
      "updated": "2020-05-22T15:04:13.741Z",
      "category": 6,
      "wallet": 11
    }
  },
  {
    "model": "wallet.wallettransaction",
    "pk": 3,
    "fields": {
      "amount_currency": "PHP",
      "amount": "2500.00",
      "date": "2020-04-28",
      "is_expense": true,
      "note": "SM Groceries for 2 Weeks",
      "created": "2020-05-21T15:01:20.125Z",
      "updated": "2020-05-22T15:01:12.242Z",
      "category": 9,
      "wallet": 11
    }
  },
  {
    "model": "wallet.wallettransaction",
    "pk": 4,
    "fields": {
      "amount_currency": "PHP",
      "amount": "1000.00",
      "date": "2020-05-20",
      "is_expense": false,
      "note": "Part-time Job Commission",
      "created": "2020-05-21T15:04:04.425Z",
      "updated": "2020-05-22T14:47:58.745Z",
      "category": 7,
      "wallet": 11
    }
  },
  {
    "model": "wallet.wallettransaction",
    "pk": 5,
    "fields": {
      "amount_currency": "PHP",
      "amount": "5000.00",
      "date": "2020-05-15",
      "is_expense": false,
      "note": "Internship Allowance",
      "created": "2020-05-21T16:15:54.078Z",
      "updated": "2020-05-22T14:59:46.521Z",
      "category": 1,
      "wallet": 11
    }
  },
  {
    "model": "wallet.wallettransaction",
    "pk": 6,
    "fields": {
      "amount_currency": "PHP",
      "amount": "180.00",
      "date": "2020-04-14",
      "is_expense": true,
      "note": "Grab",
      "created": "2020-05-22T14:56:32.899Z",
      "updated": "2020-05-22T15:54:53.582Z",
      "category": 10,
      "wallet": 11
    }
  },
  {
    "model": "wallet.wallettransaction",
    "pk": 8,
    "fields": {
      "amount_currency": "PHP",
      "amount": "5000.00",
      "date": "2020-04-30",
      "is_expense": false,
      "note": "Internship Allowance",
      "created": "2020-05-22T15:01:50.853Z",
      "updated": "2020-05-22T15:01:50.853Z",
      "category": 1,
      "wallet": 11
    }
  },
  {
    "model": "wallet.wallettransaction",
    "pk": 9,
    "fields": {
      "amount_currency": "PHP",
      "amount": "180.00",
      "date": "2020-05-15",
      "is_expense": true,
      "note": "Starbucks Green Matcha Smoothie",
      "created": "2020-05-22T15:03:44.167Z",
      "updated": "2020-05-22T15:03:44.167Z",
      "category": 6,
      "wallet": 11
    }
  },
  {
    "model": "wallet.wallettransaction",
    "pk": 10,
    "fields": {
      "amount_currency": "PHP",
      "amount": "1590.00",
      "date": "2020-05-16",
      "is_expense": true,
      "note": "H&M Chelsea Boots",
      "created": "2020-05-22T15:05:42.508Z",
      "updated": "2020-05-22T15:05:42.508Z",
      "category": 11,
      "wallet": 11
    }
  },
  {
    "model": "wallet.wallettransaction",
    "pk": 11,
    "fields": {
      "amount_currency": "PHP",
      "amount": "100.00",
      "date": "2020-05-01",
      "is_expense": true,
      "note": "Netflix Monthly Payment",
      "created": "2020-05-22T15:08:50.650Z",
      "updated": "2020-05-22T15:09:45.456Z",
      "category": 14,
      "wallet": 14
    }
  },
  {
    "model": "wallet.wallettransaction",
    "pk": 12,
    "fields": {
      "amount_currency": "PHP",
      "amount": "100.00",
      "date": "2020-04-01",
      "is_expense": true,
      "note": "Netflix Monthly Payment",
      "created": "2020-05-22T15:09:36.551Z",
      "updated": "2020-05-22T15:09:36.551Z",
      "category": 14,
      "wallet": 14
    }
  },
  {
    "model": "wallet.wallettransaction",
    "pk": 13,
    "fields": {
      "amount_currency": "PHP",
      "amount": "100.00",
      "date": "2020-03-01",
      "is_expense": true,
      "note": "Netflix Monthly Payment",
      "created": "2020-05-22T15:10:40.212Z",
      "updated": "2020-05-22T15:10:40.212Z",
      "category": 14,
      "wallet": 14
    }
  },
  {
    "model": "wallet.wallettransaction",
    "pk": 14,
    "fields": {
      "amount_currency": "PHP",
      "amount": "100.00",
      "date": "2020-02-01",
      "is_expense": true,
      "note": "Netflix Monthly Payment",
      "created": "2020-05-22T15:11:07.336Z",
      "updated": "2020-05-22T15:11:07.336Z",
      "category": 14,
      "wallet": 14
    }
  },
  {
    "model": "wallet.wallettransaction",
    "pk": 15,
    "fields": {
      "amount_currency": "PHP",
      "amount": "100.00",
      "date": "2020-01-01",
      "is_expense": true,
      "note": "Netflix Monthly Payment",
      "created": "2020-05-22T15:11:37.748Z",
      "updated": "2020-05-22T15:11:37.748Z",
      "category": 14,
      "wallet": 14
    }
  },
  {
    "model": "wallet.wallettransaction",
    "pk": 16,
    "fields": {
      "amount_currency": "PHP",
      "amount": "40.00",
      "date": "2020-01-20",
      "is_expense": true,
      "note": "Spotify Monthly Payment",
      "created": "2020-05-22T15:16:02.762Z",
      "updated": "2020-05-22T15:16:02.762Z",
      "category": 14,
      "wallet": 18
    }
  },
  {
    "model": "wallet.wallettransaction",
    "pk": 17,
    "fields": {
      "amount_currency": "PHP",
      "amount": "40.00",
      "date": "2020-02-20",
      "is_expense": true,
      "note": "Spotify Monthly Payment",
      "created": "2020-05-22T15:16:35.402Z",
      "updated": "2020-05-22T15:16:35.402Z",
      "category": 14,
      "wallet": 18
    }
  },
  {
    "model": "wallet.wallettransaction",
    "pk": 18,
    "fields": {
      "amount_currency": "PHP",
      "amount": "1500.00",
      "date": "2020-02-10",
      "is_expense": true,
      "note": "React JS - Online Course",
      "created": "2020-05-22T15:22:09.285Z",
      "updated": "2020-05-22T15:22:09.285Z",
      "category": 15,
      "wallet": 18
    }
  },
  {
    "model": "wallet.wallettransaction",
    "pk": 19,
    "fields": {
      "amount_currency": "PHP",
      "amount": "300.00",
      "date": "2020-04-16",
      "is_expense": true,
      "note": "Neighborhood Monthly Payment",
      "created": "2020-05-22T15:23:26.674Z",
      "updated": "2020-05-22T15:23:26.674Z",
      "category": 16,
      "wallet": 12
    }
  },
  {
    "model": "wallet.wallettransaction",
    "pk": 21,
    "fields": {
      "amount_currency": "PHP",
      "amount": "300.00",
      "date": "2020-03-16",
      "is_expense": true,
      "note": "Neighborhood Monthly Payment",
      "created": "2020-05-22T15:25:03.375Z",
      "updated": "2020-05-22T15:25:21.219Z",
      "category": 16,
      "wallet": 12
    }
  },
  {
    "model": "wallet.wallettransaction",
    "pk": 23,
    "fields": {
      "amount_currency": "PHP",
      "amount": "799.00",
      "date": "2020-04-16",
      "is_expense": true,
      "note": "H&M Hooded Top",
      "created": "2020-05-22T15:29:19.211Z",
      "updated": "2020-05-22T15:35:41.750Z",
      "category": 11,
      "wallet": 13
    }
  },
  {
    "model": "wallet.wallettransaction",
    "pk": 26,
    "fields": {
      "amount_currency": "PHP",
      "amount": "10000.00",
      "date": "2020-04-30",
      "is_expense": false,
      "note": "Monthly Salary",
      "created": "2020-05-22T15:33:12.393Z",
      "updated": "2020-05-22T15:36:09.157Z",
      "category": 17,
      "wallet": 13
    }
  },
  {
    "model": "wallet.wallettransaction",
    "pk": 28,
    "fields": {
      "amount_currency": "PHP",
      "amount": "15000.00",
      "date": "2020-04-15",
      "is_expense": false,
      "note": "Monthly Salary",
      "created": "2020-05-22T15:36:50.223Z",
      "updated": "2020-05-22T15:36:50.223Z",
      "category": 17,
      "wallet": 13
    }
  },
  {
    "model": "wallet.wallettransaction",
    "pk": 29,
    "fields": {
      "amount_currency": "PHP",
      "amount": "1800.00",
      "date": "2020-04-17",
      "is_expense": true,
      "note": "PLDT Internet Payment",
      "created": "2020-05-22T15:39:42.253Z",
      "updated": "2020-05-22T15:39:42.253Z",
      "category": 16,
      "wallet": 13
    }
  },
  {
    "model": "wallet.wallettransaction",
    "pk": 30,
    "fields": {
      "amount_currency": "PHP",
      "amount": "300.00",
      "date": "2020-05-16",
      "is_expense": true,
      "note": "Neighborhood Monthly Payment",
      "created": "2020-05-22T15:42:49.419Z",
      "updated": "2020-05-22T15:42:49.419Z",
      "category": 16,
      "wallet": 12
    }
  },
  {
    "model": "wallet.wallettransaction",
    "pk": 31,
    "fields": {
      "amount_currency": "PHP",
      "amount": "40.00",
      "date": "2020-03-20",
      "is_expense": true,
      "note": "Spotify Monthly Payment",
      "created": "2020-05-22T15:44:03.998Z",
      "updated": "2020-05-22T15:44:14.504Z",
      "category": 14,
      "wallet": 18
    }
  },
  {
    "model": "wallet.wallettransaction",
    "pk": 32,
    "fields": {
      "amount_currency": "PHP",
      "amount": "10000.00",
      "date": "2020-05-15",
      "is_expense": false,
      "note": "Monthly Salary Payment",
      "created": "2020-05-22T15:45:37.120Z",
      "updated": "2020-05-22T15:45:37.120Z",
      "category": 17,
      "wallet": 13
    }
  },
  {
    "model": "wallet.wallettransaction",
    "pk": 33,
    "fields": {
      "amount_currency": "PHP",
      "amount": "300.00",
      "date": "2020-02-16",
      "is_expense": true,
      "note": "Neighborhood Monthly Payment",
      "created": "2020-05-22T15:53:25.104Z",
      "updated": "2020-05-22T15:53:25.104Z",
      "category": 16,
      "wallet": 12
    }
  },
  {
    "model": "wallet.wallettransaction",
    "pk": 34,
    "fields": {
      "amount_currency": "PHP",
      "amount": "300.00",
      "date": "2020-01-16",
      "is_expense": true,
      "note": "Neighborhood Monthly Payment",
      "created": "2020-05-22T15:54:11.981Z",
      "updated": "2020-05-22T15:54:11.981Z",
      "category": 16,
      "wallet": 12
    }
  },
  {
    "model": "wallet.wallettransaction",
    "pk": 35,
    "fields": {
      "amount_currency": "PHP",
      "amount": "5000.00",
      "date": "2020-04-15",
      "is_expense": false,
      "note": "Internship Allowance",
      "created": "2020-05-22T15:55:45.971Z",
      "updated": "2020-05-22T15:55:45.971Z",
      "category": 1,
      "wallet": 11
    }
  },
  {
    "model": "wallet.wallettransaction",
    "pk": 36,
    "fields": {
      "amount_currency": "PHP",
      "amount": "5000.00",
      "date": "2020-03-30",
      "is_expense": false,
      "note": "Internship Allowance",
      "created": "2020-05-22T15:56:32.859Z",
      "updated": "2020-05-22T15:56:32.859Z",
      "category": 1,
      "wallet": 11
    }
  },
  {
    "model": "wallet.wallettransaction",
    "pk": 37,
    "fields": {
      "amount_currency": "PHP",
      "amount": "1800.00",
      "date": "2020-05-16",
      "is_expense": true,
      "note": "PLDT Internet Payment",
      "created": "2020-05-22T16:01:07.965Z",
      "updated": "2020-05-22T16:01:22.806Z",
      "category": 16,
      "wallet": 13
    }
  },
  {
    "model": "wallet.wallettransaction",
    "pk": 38,
    "fields": {
      "amount_currency": "PHP",
      "amount": "10000.00",
      "date": "2020-05-16",
      "is_expense": true,
      "note": "House Rent",
      "created": "2020-05-22T16:02:05.523Z",
      "updated": "2020-05-22T16:02:05.523Z",
      "category": 16,
      "wallet": 20
    }
  },
  {
    "model": "wallet.wallettransaction",
    "pk": 39,
    "fields": {
      "amount_currency": "PHP",
      "amount": "10000.00",
      "date": "2020-03-16",
      "is_expense": true,
      "note": "House Rent",
      "created": "2020-05-22T16:03:05.319Z",
      "updated": "2020-05-22T16:03:05.319Z",
      "category": 16,
      "wallet": 20
    }
  },
  {
    "model": "wallet.wallettransaction",
    "pk": 40,
    "fields": {
      "amount_currency": "PHP",
      "amount": "500.00",
      "date": "2020-04-14",
      "is_expense": true,
      "note": "COVID19 Donation for Frontliners",
      "created": "2020-05-22T16:12:25.998Z",
      "updated": "2020-05-22T16:12:25.998Z",
      "category": 19,
      "wallet": 18
    }
  },
  {
    "model": "wallet.wallettransaction",
    "pk": 41,
    "fields": {
      "amount_currency": "PHP",
      "amount": "40.00",
      "date": "2020-04-20",
      "is_expense": true,
      "note": "Spotify Monthly Payment",
      "created": "2020-05-22T16:13:08.533Z",
      "updated": "2020-05-22T16:13:08.533Z",
      "category": 14,
      "wallet": 18
    }
  },
  {
    "model": "wallet.wallettransaction",
    "pk": 42,
    "fields": {
      "amount_currency": "PHP",
      "amount": "40.00",
      "date": "2020-05-20",
      "is_expense": true,
      "note": "Spotify Monthly Payment",
      "created": "2020-05-22T16:13:44.002Z",
      "updated": "2020-05-22T16:13:44.002Z",
      "category": 14,
      "wallet": 18
    }
  },
  {
    "model": "wallet.wallettransaction",
    "pk": 43,
    "fields": {
      "amount_currency": "PHP",
      "amount": "10000.00",
      "date": "2020-02-16",
      "is_expense": true,
      "note": "House Rent",
      "created": "2020-05-22T16:14:38.251Z",
      "updated": "2020-05-22T16:14:38.251Z",
      "category": 16,
      "wallet": 20
    }
  },
  {
    "model": "wallet.wallettransaction",
    "pk": 44,
    "fields": {
      "amount_currency": "PHP",
      "amount": "10000.00",
      "date": "2020-04-16",
      "is_expense": true,
      "note": "House Rent",
      "created": "2020-05-22T16:15:43.210Z",
      "updated": "2020-05-22T16:15:43.210Z",
      "category": 16,
      "wallet": 20
    }
  },
  {
    "model": "wallet.wallettransaction",
    "pk": 45,
    "fields": {
      "amount_currency": "PHP",
      "amount": "10000.00",
      "date": "2020-01-16",
      "is_expense": true,
      "note": "House Rent",
      "created": "2020-05-22T16:16:17.432Z",
      "updated": "2020-05-22T16:16:17.432Z",
      "category": 16,
      "wallet": 20
    }
  },
  {
    "model": "goal.goaltransaction",
    "pk": 9,
    "fields": {
      "amount_currency": "PHP",
      "amount": "1000.00",
      "date": "2020-05-03",
      "is_expense": false,
      "note": "Part-time Job Commission",
      "created": "2020-05-22T13:52:38.140Z",
      "updated": "2020-05-22T14:49:41.489Z",
      "goal": 5
    }
  },
  {
    "model": "goal.goaltransaction",
    "pk": 10,
    "fields": {
      "amount_currency": "PHP",
      "amount": "500.00",
      "date": "2020-05-04",
      "is_expense": false,
      "note": "Part-time Job Commission",
      "created": "2020-05-22T13:53:02.711Z",
      "updated": "2020-05-22T14:49:31.499Z",
      "goal": 5
    }
  },
  {
    "model": "goal.goaltransaction",
    "pk": 11,
    "fields": {
      "amount_currency": "PHP",
      "amount": "300.00",
      "date": "2020-04-10",
      "is_expense": false,
      "note": "Part-time Job Commission",
      "created": "2020-05-22T13:53:40.906Z",
      "updated": "2020-05-22T14:50:10.320Z",
      "goal": 5
    }
  },
  {
    "model": "goal.goaltransaction",
    "pk": 12,
    "fields": {
      "amount_currency": "PHP",
      "amount": "2000.00",
      "date": "2020-04-15",
      "is_expense": false,
      "note": "Part-time Job Commission",
      "created": "2020-05-22T13:54:21.823Z",
      "updated": "2020-05-22T14:49:50.174Z",
      "goal": 5
    }
  },
  {
    "model": "goal.goaltransaction",
    "pk": 13,
    "fields": {
      "amount_currency": "PHP",
      "amount": "3500.00",
      "date": "2020-05-14",
      "is_expense": false,
      "note": "Part-time Job Commission",
      "created": "2020-05-22T13:55:53.558Z",
      "updated": "2020-05-22T14:49:20.567Z",
      "goal": 5
    }
  },
  {
    "model": "goal.goaltransaction",
    "pk": 15,
    "fields": {
      "amount_currency": "PHP",
      "amount": "2500.00",
      "date": "2020-04-13",
      "is_expense": false,
      "note": "Part-time Job Commission",
      "created": "2020-05-22T14:00:00.720Z",
      "updated": "2020-05-22T14:51:54.459Z",
      "goal": 8
    }
  },
  {
    "model": "goal.goaltransaction",
    "pk": 16,
    "fields": {
      "amount_currency": "PHP",
      "amount": "2500.00",
      "date": "2020-04-30",
      "is_expense": false,
      "note": "Montly Salary",
      "created": "2020-05-22T14:00:44.849Z",
      "updated": "2020-05-22T14:36:38.785Z",
      "goal": 8
    }
  },
  {
    "model": "goal.goaltransaction",
    "pk": 17,
    "fields": {
      "amount_currency": "PHP",
      "amount": "5000.00",
      "date": "2020-04-15",
      "is_expense": false,
      "note": "Montly Salary",
      "created": "2020-05-22T14:06:59.197Z",
      "updated": "2020-05-22T14:06:59.197Z",
      "goal": 8
    }
  },
  {
    "model": "goal.goaltransaction",
    "pk": 18,
    "fields": {
      "amount_currency": "PHP",
      "amount": "250.00",
      "date": "2020-03-16",
      "is_expense": true,
      "note": "Water Bills",
      "created": "2020-05-22T14:08:28.932Z",
      "updated": "2020-05-22T14:36:03.483Z",
      "goal": 8
    }
  },
  {
    "model": "goal.goaltransaction",
    "pk": 19,
    "fields": {
      "amount_currency": "PHP",
      "amount": "2500.00",
      "date": "2020-03-31",
      "is_expense": false,
      "note": "Monthly Salary",
      "created": "2020-05-22T14:09:28.887Z",
      "updated": "2020-05-22T14:10:02.732Z",
      "goal": 8
    }
  },
  {
    "model": "goal.goaltransaction",
    "pk": 20,
    "fields": {
      "amount_currency": "PHP",
      "amount": "2800.00",
      "date": "2020-04-23",
      "is_expense": true,
      "note": "Meralco Electric Bill",
      "created": "2020-05-22T14:12:21.503Z",
      "updated": "2020-05-22T14:36:54.664Z",
      "goal": 8
    }
  },
  {
    "model": "goal.goaltransaction",
    "pk": 21,
    "fields": {
      "amount_currency": "PHP",
      "amount": "200.00",
      "date": "2020-03-14",
      "is_expense": false,
      "note": "Part-time Commission",
      "created": "2020-05-22T14:15:08.306Z",
      "updated": "2020-05-22T14:15:08.306Z",
      "goal": 9
    }
  },
  {
    "model": "goal.goaltransaction",
    "pk": 22,
    "fields": {
      "amount_currency": "PHP",
      "amount": "500.00",
      "date": "2020-03-16",
      "is_expense": false,
      "note": "Part-time Commission",
      "created": "2020-05-22T14:15:50.185Z",
      "updated": "2020-05-22T14:15:50.185Z",
      "goal": 9
    }
  },
  {
    "model": "goal.goaltransaction",
    "pk": 23,
    "fields": {
      "amount_currency": "PHP",
      "amount": "780.00",
      "date": "2020-03-26",
      "is_expense": false,
      "note": "Part-time Commission",
      "created": "2020-05-22T14:31:29.919Z",
      "updated": "2020-05-22T14:31:29.919Z",
      "goal": 9
    }
  },
  {
    "model": "goal.goaltransaction",
    "pk": 24,
    "fields": {
      "amount_currency": "PHP",
      "amount": "100.00",
      "date": "2020-03-28",
      "is_expense": false,
      "note": "Piggy Bank Savings",
      "created": "2020-05-22T14:33:06.697Z",
      "updated": "2020-05-22T14:33:06.697Z",
      "goal": 9
    }
  },
  {
    "model": "goal.goaltransaction",
    "pk": 25,
    "fields": {
      "amount_currency": "PHP",
      "amount": "250.00",
      "date": "2020-04-04",
      "is_expense": false,
      "note": "Piggy Bank Savings",
      "created": "2020-05-22T14:33:50.692Z",
      "updated": "2020-05-22T14:33:50.692Z",
      "goal": 9
    }
  },
  {
    "model": "goal.goaltransaction",
    "pk": 26,
    "fields": {
      "amount_currency": "PHP",
      "amount": "340.00",
      "date": "2020-04-08",
      "is_expense": false,
      "note": "Sold Out Book - Me Before You",
      "created": "2020-05-22T14:34:45.651Z",
      "updated": "2020-05-22T14:34:45.651Z",
      "goal": 9
    }
  },
  {
    "model": "goal.goaltransaction",
    "pk": 27,
    "fields": {
      "amount_currency": "PHP",
      "amount": "3000.00",
      "date": "2020-03-15",
      "is_expense": false,
      "note": "Monthly Salary",
      "created": "2020-05-22T14:35:43.159Z",
      "updated": "2020-05-22T14:35:43.159Z",
      "goal": 8
    }
  },
  {
    "model": "goal.goaltransaction",
    "pk": 28,
    "fields": {
      "amount_currency": "PHP",
      "amount": "1500.00",
      "date": "2020-05-15",
      "is_expense": false,
      "note": "Sold Out Album - TXT Magic Album",
      "created": "2020-05-22T14:37:49.671Z",
      "updated": "2020-05-22T14:39:00.278Z",
      "goal": 5
    }
  },
  {
    "model": "goal.goaltransaction",
    "pk": 29,
    "fields": {
      "amount_currency": "PHP",
      "amount": "400.00",
      "date": "2020-04-18",
      "is_expense": false,
      "note": "Part-time Commission",
      "created": "2020-05-22T14:39:50.102Z",
      "updated": "2020-05-22T14:40:08.057Z",
      "goal": 9
    }
  },
  {
    "model": "goal.goaltransaction",
    "pk": 30,
    "fields": {
      "amount_currency": "PHP",
      "amount": "2500.00",
      "date": "2020-04-30",
      "is_expense": false,
      "note": "Monthly Salary",
      "created": "2020-05-22T14:40:45.449Z",
      "updated": "2020-05-22T14:40:45.449Z",
      "goal": 9
    }
  },
  {
    "model": "goal.goaltransaction",
    "pk": 31,
    "fields": {
      "amount_currency": "PHP",
      "amount": "3000.00",
      "date": "2020-04-30",
      "is_expense": false,
      "note": "Monthly Salary",
      "created": "2020-05-22T14:41:27.470Z",
      "updated": "2020-05-22T14:41:27.470Z",
      "goal": 9
    }
  },
  {
    "model": "goal.goaltransaction",
    "pk": 32,
    "fields": {
      "amount_currency": "PHP",
      "amount": "2000.00",
      "date": "2020-05-15",
      "is_expense": false,
      "note": "Monthly Salary",
      "created": "2020-05-22T14:52:42.912Z",
      "updated": "2020-05-22T14:52:42.912Z",
      "goal": 8
    }
  },
  {
    "model": "wallet.wallet",
    "pk": 10,
    "fields": {
      "name": "Family",
      "type": "CH",
      "owner": 1,
      "balance_currency": "PHP",
      "balance": "10000.00",
      "created": "2020-05-08T05:08:02.201Z",
      "updated": "2020-05-08T05:08:02.201Z",
      "opened": null
    }
  },
  {
    "model": "wallet.wallet",
    "pk": 11,
    "fields": {
      "name": "Amera",
      "type": "CH",
      "owner": 1,
      "balance_currency": "PHP",
      "balance": "20800.00",
      "created": "2020-05-08T05:10:54.908Z",
      "updated": "2020-05-22T15:56:32.988Z",
      "opened": "2020-05-22T15:56:32.988Z"
    }
  },
  {
    "model": "wallet.wallet",
    "pk": 12,
    "fields": {
      "name": "House",
      "type": "CH",
      "owner": 1,
      "balance_currency": "PHP",
      "balance": "3500.00",
      "created": "2020-05-14T08:15:50.517Z",
      "updated": "2020-05-22T15:54:12.134Z",
      "opened": "2020-05-22T15:54:12.134Z"
    }
  },
  {
    "model": "wallet.wallet",
    "pk": 13,
    "fields": {
      "name": "BDO Card",
      "type": "DC",
      "owner": 1,
      "balance_currency": "PHP",
      "balance": "40601.00",
      "created": "2020-05-14T08:16:58.693Z",
      "updated": "2020-05-22T16:15:11.186Z",
      "opened": "2020-05-22T16:15:11.186Z"
    }
  },
  {
    "model": "wallet.wallet",
    "pk": 14,
    "fields": {
      "name": "G-Cash",
      "type": "EM",
      "owner": 1,
      "balance_currency": "PHP",
      "balance": "500.00",
      "created": "2020-05-14T08:17:28.893Z",
      "updated": "2020-05-22T16:11:38.870Z",
      "opened": "2020-05-22T16:11:38.870Z"
    }
  },
  {
    "model": "wallet.wallet",
    "pk": 18,
    "fields": {
      "name": "PayPal",
      "type": "EM",
      "owner": 1,
      "balance_currency": "PHP",
      "balance": "2800.00",
      "created": "2020-05-22T14:24:29.056Z",
      "updated": "2020-05-22T16:13:44.563Z",
      "opened": "2020-05-22T16:13:44.563Z"
    }
  },
  {
    "model": "wallet.wallet",
    "pk": 20,
    "fields": {
      "name": "BPI Card",
      "type": "DC",
      "owner": 1,
      "balance_currency": "PHP",
      "balance": "10000.00",
      "created": "2020-05-22T15:41:50.490Z",
      "updated": "2020-05-22T16:16:17.579Z",
      "opened": "2020-05-22T16:16:17.579Z"
    }
  },
  {
    "model": "goal.goal",
    "pk": 1,
    "fields": {
      "name": "SF9 Concert",
      "balance_currency": "PHP",
      "balance": "2000.00",
      "target_amount_currency": "PHP",
      "target_amount": "10000.00",
      "owner": 1,
      "target_date": "2020-07-06",
      "created": "2020-05-08T15:33:41.395Z",
      "updated": "2020-05-08T16:53:23.463Z",
      "opened": null
    }
  },
  {
    "model": "goal.goal",
    "pk": 5,
    "fields": {
      "name": "BTS Concert",
      "balance_currency": "PHP",
      "balance": "8800.00",
      "target_amount_currency": "PHP",
      "target_amount": "20000.00",
      "owner": 1,
      "target_date": "2020-07-06",
      "created": "2020-05-21T16:42:06.660Z",
      "updated": "2020-05-22T16:16:24.296Z",
      "opened": "2020-05-22T16:16:24.296Z"
    }
  },
  {
    "model": "goal.goal",
    "pk": 8,
    "fields": {
      "name": "Trip to Seoul",
      "balance_currency": "PHP",
      "balance": "14450.00",
      "target_amount_currency": "PHP",
      "target_amount": "35000.00",
      "owner": 1,
      "target_date": "2020-09-10",
      "created": "2020-05-22T13:51:45.525Z",
      "updated": "2020-05-22T16:16:32.305Z",
      "opened": "2020-05-22T16:16:32.304Z"
    }
  },
  {
    "model": "goal.goal",
    "pk": 9,
    "fields": {
      "name": "Dream Car",
      "balance_currency": "PHP",
      "balance": "8070.00",
      "target_amount_currency": "PHP",
      "target_amount": "40000.00",
      "owner": 1,
      "target_date": "2020-10-10",
      "created": "2020-05-22T14:05:07.394Z",
      "updated": "2020-05-22T14:53:15.792Z",
      "opened": "2020-05-22T14:53:15.792Z"
    }
  },
  {
    "model": "category.category",
    "pk": 1,
    "fields": {
      "name": "Internship",
      "owner": 1,
      "is_custom": true,
      "is_expense": false,
      "icon": "salary.png"
    }
  },
  {
    "model": "category.category",
    "pk": 5,
    "fields": {
      "name": "iACADEMY",
      "owner": 1,
      "is_custom": true,
      "is_expense": true,
      "icon": "business.png"
    }
  },
  {
    "model": "category.category",
    "pk": 6,
    "fields": {
      "name": "Food & Drinks",
      "owner": 1,
      "is_custom": false,
      "is_expense": true,
      "icon": "food.png"
    }
  },
  {
    "model": "category.category",
    "pk": 7,
    "fields": {
      "name": "Extra Income",
      "owner": 1,
      "is_custom": false,
      "is_expense": false,
      "icon": "extra-income.png"
    }
  },
  {
    "model": "category.category",
    "pk": 9,
    "fields": {
      "name": "Groceries",
      "owner": 1,
      "is_custom": false,
      "is_expense": true,
      "icon": "groceries.png"
    }
  },
  {
    "model": "category.category",
    "pk": 10,
    "fields": {
      "name": "Transport",
      "owner": 1,
      "is_custom": false,
      "is_expense": true,
      "icon": "transport.png"
    }
  },
  {
    "model": "category.category",
    "pk": 11,
    "fields": {
      "name": "Shopping",
      "owner": 1,
      "is_custom": false,
      "is_expense": true,
      "icon": "shopping.png"
    }
  },
  {
    "model": "category.category",
    "pk": 14,
    "fields": {
      "name": "Entertainment",
      "owner": 1,
      "is_custom": false,
      "is_expense": true,
      "icon": "entertainment.png"
    }
  },
  {
    "model": "category.category",
    "pk": 15,
    "fields": {
      "name": "Online Education",
      "owner": 1,
      "is_custom": true,
      "is_expense": true,
      "icon": "loan.png"
    }
  },
  {
    "model": "category.category",
    "pk": 16,
    "fields": {
      "name": "Bills & Fees",
      "owner": 1,
      "is_custom": false,
      "is_expense": true,
      "icon": "bills.png"
    }
  },
  {
    "model": "category.category",
    "pk": 17,
    "fields": {
      "name": "Salary",
      "owner": 1,
      "is_custom": false,
      "is_expense": false,
      "icon": "salary.png"
    }
  },
  {
    "model": "category.category",
    "pk": 18,
    "fields": {
      "name": "Family & Personal",
      "owner": 1,
      "is_custom": true,
      "is_expense": true,
      "icon": "home.png"
    }
  },
  {
    "model": "category.category",
    "pk": 19,
    "fields": {
      "name": "Donations",
      "owner": 1,
      "is_custom": true,
      "is_expense": true,
      "icon": "health.png"
    }
  },
  {
    "model": "user.user",
    "pk": 1,
    "fields": {
      "password": "pbkdf2_sha256$180000$zABT7aPDBaBT$U73zPJEnHicLK0KARpaQSzAVCBNb+BteptW8obvw10M=",
      "last_login": "2020-05-22T23:41:18.231Z",
      "is_superuser": true,
      "email": "admin@example.com",
      "first_name": null,
      "last_name": null,
      "is_staff": true,
      "is_active": true,
      "date_joined": "2020-05-22T23:37:08.299Z",
      "groups": [],
      "user_permissions": []
    }
  }
]